,,,,
,,,,
,,,,
WILSON NBA Authentic,WILSON NCAA Replica,Wilson Evolution,Molten GM7X,Nike Outdoor Elite
8.50,8.45,8.50,8.50,8.50
8.50,8.45,8.50,8.45,8.45
8.50,8.45,8.50,8.45,8.45
8.50,8.45,8.45,8.45,8.45
8.50,8.45,8.50,8.45,8.45
8.50,8.45,8.50,8.45,8.45
8.50,8.45,8.50,8.45,8.45
8.50,8.45,8.50,8.45,8.45
8.50,8.45,8.50,8.45,8.45
8.50,8.45,8.50,8.40,8.45
8.50,8.45,8.50,8.40,8.45
8.45,8.40,8.45,8.40,8.40
8.45,8.40,8.45,8.40,8.40
8.45,8.40,8.45,8.40,8.40
8.45,8.40,8.45,8.40,8.40
8.45,8.40,8.45,8.40,8.40
8.45,8.40,8.45,8.40,8.40
8.45,8.40,8.45,8.40,8.40
8.45,8.40,8.45,8.40,8.40
8.45,8.40,8.45,8.35,8.40
8.50,8.50,8.50,8.50,8.50
8.50,8.50,8.50,8.50,8.50
8.50,8.50,8.50,8.50,8.45
8.50,8.50,8.50,8.50,8.45
8.50,8.50,8.50,8.50,8.45
8.50,8.50,8.50,8.50,8.45
8.50,8.50,8.50,8.50,8.45
8.50,8.50,8.50,8.50,8.45
8.50,8.50,8.50,8.50,8.45
8.50,8.50,8.50,8.50,8.45
8.50,8.45,8.50,8.50,8.45
8.50,8.45,8.50,8.50,8.45
8.50,8.45,8.50,8.50,8.45
8.50,8.45,8.50,8.50,8.45
8.50,8.45,8.50,8.50,8.45
8.50,8.45,8.50,8.50,8.45
8.45,8.45,8.50,8.50,8.45
8.45,8.45,8.45,8.45,8.45
8.45,8.40,8.45,8.45,8.45
8.45,8.40,8.45,8.45,8.45
8.50,8.45,8.50,8.50,8.50
8.50,8.45,8.50,8.45,8.45
8.50,8.45,8.50,8.45,8.45
8.50,8.45,8.45,8.45,8.45
8.50,8.45,8.50,8.45,8.45
8.50,8.45,8.50,8.45,8.45
8.50,8.45,8.50,8.45,8.45
8.50,8.45,8.50,8.45,8.45
8.50,8.45,8.50,8.45,8.45
8.50,8.45,8.50,8.40,8.45
8.50,8.45,8.50,8.40,8.45
8.45,8.40,8.45,8.40,8.40
8.45,8.40,8.45,8.40,8.40
8.45,8.40,8.45,8.40,8.40
8.45,8.40,8.45,8.40,8.40
8.45,8.40,8.45,8.40,8.40
8.45,8.40,8.45,8.40,8.40
8.45,8.40,8.45,8.40,8.40
8.45,8.40,8.45,8.40,8.40
8.45,8.40,8.45,8.35,8.40